﻿<?xml version='1.0' encoding='UTF-8'?>
 
<languagefile name="English">
	<KryptoView>
		<startMenuItem>Start</startMenuItem>
		<exitMenuItem>Close</exitMenuItem>
		<basicMenu>Basics</basicMenu>
		<basicArithmeticMenu>Basic Arithmetic</basicArithmeticMenu>
		<zMenuItem>Z (Integer)</zMenuItem>
		<primeFieldMenuItem>Primefield Element</primeFieldMenuItem>
		<additionMenuItem>Addition</additionMenuItem>
		<subtractionMenuItem>Subtraction</subtractionMenuItem>
		<multiplicationMenuItem>Multiplication</multiplicationMenuItem>
		<divisionMenuItem>Division</divisionMenuItem>
		<modMenuItem>Modulo</modMenuItem>
		<samMenuItem>Square and Multiply</samMenuItem>
		<sammodMenuItem>Square and Multiply (Modulo)</sammodMenuItem>
		<gcdMenuItem>Great Common Divisor</gcdMenuItem>
		<extendedGCDItem>Extended GCD</extendedGCDItem>
		<phiMenuItem>Phi-Function</phiMenuItem>
		<primeTestMenu>Primetests</primeTestMenu>
		<fermatMenuItem>Fermat Test</fermatMenuItem>
		<lucasMenuItem>Lucas Test</lucasMenuItem>
		<millerrabinMenuItem>Miller Rabin test</millerrabinMenuItem>
		<coderMenu>Coders</coderMenu>
		<hammingMenu>Hamming Code</hammingMenu>
		<initHammingCodeMenuItem>Initialize Hammingcode</initHammingCodeMenuItem>
		<encodeMenuItem>Encode Hammingobject</encodeMenuItem>
		<syndromMenuItem>Calculate Syndrom</syndromMenuItem>
		<decodeMenuItem>Decode Hammingobject</decodeMenuItem>
		<createErrorsMenuItem>Create Errors in encoded word</createErrorsMenuItem>
		<hammingDistanceMenuItem>Calculate Hamming Distance</hammingDistanceMenuItem>
		<vectorWeightMenuItem>Calculate Vector Weight</vectorWeightMenuItem>
		<startBtnOnBar>Start</startBtnOnBar>
		<cancelBtnOnBar>Cancel</cancelBtnOnBar>
		<clearBtnOnBar>Clear</clearBtnOnBar>
		<matrixMenu>Matrices</matrixMenu>
		<newMatrixMenuItem>New matrix (Z)</newMatrixMenuItem>
		<matrixMultiplyMenuItem>Multiply matrices</matrixMultiplyMenuItem>
		<newMatrixPrimeFieldMenuItem>New matrix (Primefield)</newMatrixPrimeFieldMenuItem>
		<addMatrixMenuItem>Add matrices</addMatrixMenuItem>
	</KryptoView>
	<PrimeTestController>
		<FalseKryptoTypes>Kryptotypes are different. You have to enter the same Kryptotypes. e.g. Z, Z</FalseKryptoTypes>
	</PrimeTestController>
	<MillerRabinFrame>
		<ExtendBtn>Extend</ExtendBtn>
	</MillerRabinFrame>
	<HammingCode>
        <encodeException>SourceCodeWord or generatorMatrix is not calculated yet.</encodeException>
		<detectErrorNullException>Syndrom is not calculated yet.</detectErrorNullException>
		<detectErrorTooManyErrors>Too many errors. Correction can not be accomplished.</detectErrorTooManyErrors>
		<correctErrorException>EncodedWord is not calculated yet.</correctErrorException>
		<getErrorPositionException>Syndrom or controlMatrix not calculated yet.</getErrorPositionException>
		<decodeException>EncodedWord is not calculated yet.</decodeException>
		<wrongCodeWordLength>Length of codeWord has to be the same as rowCapacity of given generatorMatrix.</wrongCodeWordLength>
		<hammingDistanceRowException>Only matrices with one row are allowed!</hammingDistanceRowException>
		<hammingDistanceColumnException>Matrices should have same ColumnCapacity!</hammingDistanceColumnException>
		<noHammingMatrix>Matrix has the wrong structure</noHammingMatrix>
    </HammingCode>
	<HammingFrames>
		<NoHammingCodeElement>No HammingCode element found</NoHammingCodeElement>
	</HammingFrames>
	<CreateHammingErrorFrame>
		<ErrorProbability>Probability of errorCreation (0-1)</ErrorProbability>
		<ReturnedProbability>generated errors with probability of</ReturnedProbability>
		<HeaderLabel>Create errors in encodedWord</HeaderLabel>
	</CreateHammingErrorFrame>
	<DecodeHammingCodeFrame>
		<correctWordCeckbox>correct encoded word?</correctWordCeckbox>
		<NoErrorsCreated>No errors created</NoErrorsCreated>
		<DecodedWord>decoded word: </DecodedWord>
		<ErrorInEncodedWord>Error in encoded word </ErrorInEncodedWord>
		<AtPosition> at position </AtPosition>
		<CorrectedDecodedWord>corrected decoded word: </CorrectedDecodedWord>
		<HeaderLabel>Decode the codeword</HeaderLabel>
	</DecodeHammingCodeFrame>
	<EncodeHammingCodeFrame>
		<EncodedWord>encoded word: </EncodedWord>
		<HeaderLabel>Encode the codeword</HeaderLabel>
	</EncodeHammingCodeFrame>
	<HammingDistanceFrame>
		<Vector>Vector</Vector>
		<HeaderLabel>Calculate hammingdistance</HeaderLabel>
	</HammingDistanceFrame>
	<HammingSyndromFrame>
		<Syndrom>Syndrom</Syndrom>
		<HeaderLabel>Calculate syndrom</HeaderLabel>
	</HammingSyndromFrame>
	<HammingWeightFrame>
		<Vector>Vector</Vector>
		<VectorWeight>Vectorweight</VectorWeight>
		<HeaderLabel>Calculate vectorweight</HeaderLabel>
	</HammingWeightFrame>
	<InitHammingFrame>
		<SourceCodeword>source codeword</SourceCodeword>
		<GeneratorMatrix>generator matrix</GeneratorMatrix>
		<ControlMatrix>control matrix</ControlMatrix>
		<NoSourceCodeword>no source codeword</NoSourceCodeword>
		<InitHammingCodeReturn>Init Hamming Code with source codeword </InitHammingCodeReturn>
		<HeaderLabel>Create a hammingcode element</HeaderLabel>
		<NoMatrixElement>Wrong parameter, this isn't a matrix element</NoMatrixElement>
	</InitHammingFrame>
	<GCDFrame>
		<GCD>GCD</GCD>
		<HeaderLabel>GCD</HeaderLabel>
		<ExtendBtn>Extend</ExtendBtn>
	</GCDFrame>
	<PrimeFieldElementFrame>
		<Value>Value</Value>
		<Base>Base</Base>
		<PrimeFieldReturn1>PrimeField with base = </PrimeFieldReturn1>
		<PrimeFieldReturn2> and value = </PrimeFieldReturn2>
		<HeaderLabel>Create Primefield Element</HeaderLabel>
		<AddTableBtn>Addition table</AddTableBtn>
		<MulTableBtn>Multiplication Table</MulTableBtn>
		<guiTableException>Empty base-field or base not prime</guiTableException>
	</PrimeFieldElementFrame>
	<AdditionFrame>
		<HeaderLabel>Addition</HeaderLabel>
	</AdditionFrame>
	<DivisionFrame>
		<HeaderLabel>Division</HeaderLabel>
	</DivisionFrame>
	<ExtendedGCDFrame>
		<HeaderLabel>Extended GCD</HeaderLabel>
		<ExtendBtn>Extend</ExtendBtn>
		<returnString>extended GCD</returnString>
	</ExtendedGCDFrame>
	<ModuloFrame>
		<HeaderLabel>Modulo</HeaderLabel>
	</ModuloFrame>
	<MultiplicationFrame>
		<HeaderLabel>Multiplication</HeaderLabel>
	</MultiplicationFrame>
	<PhiFrame>
		<HeaderLabel>Phi function</HeaderLabel>
		<ExtendBtn>Extend</ExtendBtn>
		<BigNumber>Number too big!</BigNumber>
		<LowNumber>Phi-function only takes numbers greater than 0</LowNumber>
	</PhiFrame>
	<SaMFrame>
		<HeaderLabel>Square &amp; Multiply</HeaderLabel>
		<ExtendBtn>Extend</ExtendBtn>
	</SaMFrame>
	<SaMModFrame>
		<HeaderLabel>Square &amp; Multiply (Modulo)</HeaderLabel>
		<ExtendBtn>Extend</ExtendBtn>
	</SaMModFrame>
	<SubstractFrame>
		<HeaderLabel>Substraction</HeaderLabel>
	</SubstractFrame>
	<ZFrame>
		<HeaderLabel>Z (Integer)</HeaderLabel>
	</ZFrame>
	<MatrixAddFrame>
		<HeaderLabel>Matrix addition</HeaderLabel>
	</MatrixAddFrame>
	<MatrixFrame>
		<HeaderLabel>Create new matrix</HeaderLabel>
		<ExtendBtn>Extend</ExtendBtn>
	</MatrixFrame>
	<MatrixMultiplyFrame>
		<HeaderLabel>Matrix multiplication</HeaderLabel>
	</MatrixMultiplyFrame>
	<MatrixPrimeFieldFrame>
		<HeaderLabel>Create new matrix with Primefields</HeaderLabel>
		<ExtendBtn>Extend</ExtendBtn>
		<PrimefieldLabel>Primefield</PrimefieldLabel>
	</MatrixPrimeFieldFrame>
	<General>
		<UnsupportedOperationException>Not supported yet.</UnsupportedOperationException>
		<XMLNoPath>First instance-creation of XMLReader needs a correct path to a *.xml-language file.</XMLNoPath>
	</General>
	<Kit>
		<DropOnSameFrame>Drop on same frame not possible!</DropOnSameFrame>
		<OnRecursion>Recursion not possible!</OnRecursion>
		<ConnectionAlreadyExists>Connection already exists!</ConnectionAlreadyExists>
		<WrongData>Wrong data!</WrongData>
	</Kit>
	<Executor>
		<ComputeTime>compute time</ComputeTime>
		<InWindow>In window</InWindow>
		<MissingParamException>Missing parameter in window</MissingParamException>
		<WrongParam>Wrong parameter in window</WrongParam>
		<UndefinedException>Undefined Exception in Window</UndefinedException>
	</Executor>
	<ResultFrame>
		<Result>Result</Result>
	</ResultFrame>
 </languagefile>